OBJECTID,RecNum,FIRST_Year,FIRST_Boro,FIRST_CB,FIRST_Main,FIRST_From,FIRST_ToSt,FIRST_NumO,FIRST_NrSc,FIRST_Othe,FIRST_Inst,FIRST_Nu_1,FIRST_ReIn,FIRST_SchP,FIRST_Orde,FIRST_Or_1,FIRST_Or_2,FIRST_RecN,Shape_Leng,CRASHES 3,CRASHES -3,CRASHES 6,CRASHES -6,3 MONTH PERCENT DECREASE,6 MONTH PERCENT DECREASE,STREETS,LATLON,CRASHES TOTAL 3,CRASHES TOTAL 6,CRASHES TOTAL -3,CRASHES TOTAL -6,3 MONTH PERCENT DECREASE PLUS,6 MONTH PERCENT DECREASE PLUS
188,188,2014,2,10,WILCOX AVENUE,PHILIP AVENUE,RANDALL AVENUE,1,0,1,09/18/2013,0,,N/S,B-325240 / 325241,07/31/2013,09/20/2013,4,800.347427218,0.0,0.0,1.0,0.0,0.0,-1.0,WILCOX AVENUE+RANDALL AVENUE,"(40.81821679999999, -73.8541322)",99883.0,101290.0,49819.0,51618.0,0.0,-1.0
186,186,2014,2,8,FIELDSTON ROAD,WEST 253rd STREET,WEST 256th STREET,6,0,6,09/05/2013,0,,N/S,C-315308 / 315309,03/11/2013,09/10/2013,2,1252.14894509,0.0,0.0,0.0,0.0,0.0,0.0,FIELDSTON ROAD+WEST 256th STREET,"(40.9038811, -73.9031286)",100810.0,100877.0,50151.0,51390.0,0.0,0.0
184,184,2014,5,2,FOREST ROAD,DUTCHESS AVENUE,DALEMERE ROAD,1,0,1,08/27/2013,0,,N/S,B-325587 / 325588,08/06/2014,09/04/2014,0,682.479547282,0.0,0.0,0.0,0.0,0.0,0.0,FOREST ROAD+DALEMERE ROAD,"(40.596651, -74.10275349999999)",100993.0,101306.0,51301.0,50895.0,0.0,0.0
183,183,2014,5,3,YETMAN AVENUE,AMBOY ROAD,PITTSVILLE AVENUE,2,2,0,08/22/2013,0,,PS 1 / IS 34 / OUR LADY HELP OF CHRISTIANS SCHOOL,B-325835,08/12/2013,09/03/2013,0,1008.79347879,0.0,0.0,0.0,0.0,0.0,0.0,YETMAN AVENUE+PITTSVILLE AVENUE,"(40.50666690000001, -74.2460842)",100887.0,101105.0,51230.0,50578.0,0.0,0.0
182,182,2014,5,1,WARDWELL AVENUE,THE BOULEVARD,LEONARD AVENUE,1,1,0,08/29/2013,0,,PS 30,B-325591,08/06/2013,09/04/2013,0,400.021473862,0.0,0.0,0.0,0.0,0.0,0.0,WARDWELL AVENUE+LEONARD AVENUE,"(40.618274, -74.13767290000001)",100918.0,101217.0,50868.0,51418.0,0.0,0.0
181,181,2014,5,2,FOREST ROAD,JENNA LANE,DUTCHESS AVENUE,1,0,1,08/27/2013,0,,N/S,B-325587 / 325588,08/06/2013,09/04/2013,0,402.554560325,0.0,0.0,0.0,0.0,0.0,0.0,FOREST ROAD+DUTCHESS AVENUE,"(40.5960469, -74.0998625)",100993.0,101306.0,51301.0,50895.0,0.0,0.0
180,180,2014,5,1,CLINTON B FISK AVENUE,LEONARD AVENUE,LATHROP AVENUE,1,1,0,08/28/2013,0,,PS 30,B-325589,08/06/2013,10/10/2013,0,325.204579997,0.0,0.0,0.0,0.0,0.0,0.0,CLINTON B FISK AVENUE+LATHROP AVENUE,"(40.619395, -74.1390019)",100923.0,101209.0,51122.0,51123.0,0.0,0.0
179,179,2014,5,1,CLINTON B FISK AVENUE,WATCHOGUE ROAD,WATERS AVENUE,2,0,2,08/28/2013,0,,N/S,B-325590,08/06/2013,09/04/2013,0,563.4046730030001,0.0,0.0,1.0,0.0,0.0,-1.0,CLINTON B FISK AVENUE+WATERS AVENUE,"(40.6175187, -74.1378701)",100923.0,101209.0,51122.0,51123.0,0.0,-1.0
178,178,2014,5,3,BEDELL AVENUE,GIEGERICH AVENUE,HYLAN BOULEVARD,2,0,2,08/26/2013,0,,N/S,B-325592 / 325593,08/06/2013,09/04/2013,0,1961.39612652,0.0,0.0,0.0,1.0,0.0,1.0,BEDELL AVENUE+HYLAN BOULEVARD,"(40.5464579, -74.1414662)",100912.0,101301.0,51354.0,50907.0,0.0,1.0
177,177,2014,4,7,23 AVENUE,154 STREET,157 STREET,1,0,1,05/16/2014,0,,N/S,B-337779 / 337793,04/28/2014,05/19/2014,0,785.9716573310001,0.0,0.0,0.0,1.0,0.0,1.0,23 AVENUE+157 STREET,"(40.691035, -73.792509)",103672.0,98623.0,48058.0,51825.0,0.0,1.0
176,176,2014,4,4,41 AVENUE,104 STREET,108 STREET,1,1,0,05/07/2014,0,,PS 16,B-337786,04/28/2014,05/10/2014,0,870.1541406939999,0.0,2.0,2.0,2.0,1.0,0.0,41 AVENUE+108 STREET,"(40.6938, -73.798165)",104097.0,98393.0,47960.0,52204.0,1.0,0.0
175,175,2014,4,3,99 STREET,34 AVENUE,NORTHERN BLVD.,1,1,0,05/07/2014,0,,PS 92Q/EARLY CHILDHOOD PLAYGROUND,B-337785,04/28/2014,05/10/2014,0,674.3290158140001,0.0,0.0,0.0,0.0,0.0,0.0,99 STREET+NORTHERN BLVD.,"(40.6140025, -74.10593659999999)",104097.0,98393.0,47960.0,52204.0,0.0,0.0
174,174,2014,4,11,44 AVENUE,196 STREET,FRANCIS LEWIS BL.,1,1,0,05/12/2014,0,,WILLIAM SPYROPOULOS SCHOOL,B-337783 / 337784,04/28/2014,05/19/2014,0,697.4875354410001,0.0,0.0,0.0,0.0,0.0,0.0,44 AVENUE+FRANCIS LEWIS BL.,"(40.7289587, -73.7681769)",104213.0,98568.0,48014.0,52202.0,0.0,0.0
173,173,2014,4,11,210 STREET,34 ROAD,32 AVENUE,1,0,1,05/08/2014,0,1 TBI,N/S,B-337780 / 337781,04/28/2014,5/10/2014 [1],0,492.490747409,0.0,1.0,1.0,1.0,1.0,0.0,210 STREET+32 AVENUE,"(40.7444901, -73.97760099999999)",104127.0,98425.0,47889.0,52215.0,1.0,0.0
172,172,2014,4,4,ITHACA STREET,WHITNEY AVENUE,43 AVENUE,1,1,0,05/14/2014,0,,PS 14 ANNEX/ST. BARTHOLOMEW'S,B-337778,04/28/2014,05/19/2014,0,495.338926342,0.0,0.0,0.0,0.0,0.0,0.0,ITHACA STREET+43 AVENUE,"(40.7127837, -74.0059413)",103979.0,98472.0,48068.0,52122.0,0.0,0.0
171,171,2014,4,13,235 STREET,121 AVENUE,120 AVENUE,1,1,0,05/15/2014,0,,PS 176,B-337777 / 337792,04/28/2014,05/23/2014,0,650.464651554,1.0,0.0,1.0,0.0,-1.0,-1.0,235 STREET+120 AVENUE,"(40.68633, -73.72894)",103879.0,98496.0,47915.0,51954.0,-1.0,-1.0
170,170,2014,4,9,AUSTIN STREET,LEFFERTS BLVD.,127 STREET,4,0,4,05/09/2014,0,,N/S,B-337774 / 337775 / 337776,04/28/2014,05/10/2014,0,2341.77250646,0.0,0.0,0.0,0.0,0.0,0.0,AUSTIN STREET+127 STREET,"(40.6306071, -74.084822)",104081.0,98546.0,48061.0,52192.0,0.0,0.0
169,169,2014,4,8,70 ROAD,150 STREET,153 STREET,2,2,0,05/09/2014,0,,PS 165/VLEIGH PLAYGROUND,B-337312 / 337313,04/21/2014,05/10/2014,0,701.34122754,0.0,1.0,0.0,1.0,1.0,1.0,70 ROAD+153 STREET,"(40.7303848, -73.81555399999999)",104081.0,98546.0,48061.0,52192.0,1.0,1.0
168,168,2014,4,5,65 STREET,68 AVENUE,CATALPA AVENUE,1,0,1,05/09/2014,0,,N/S,B-337310 / 337311,04/21/2014,05/10/2014,0,510.71176036400004,0.0,1.0,0.0,1.0,1.0,1.0,65 STREET+CATALPA AVENUE,"(40.703415, -73.897646)",104081.0,98546.0,48061.0,52192.0,1.0,1.0
167,167,2014,4,11,223 STREET,57 AVENUE,58 AVENUE,1,1,0,05/12/2014,0,,BENJAMIN CARDOZO H.S.,B-337308 / 337309,04/21/2014,05/19/2014,0,415.869738498,0.0,0.0,0.0,0.0,0.0,0.0,223 STREET+58 AVENUE,"(40.7455354, -73.77687279999999)",104213.0,98568.0,48014.0,52202.0,0.0,0.0
166,166,2014,4,7,OAK AVENUE,158 STREET,157 STREET,1,0,1,05/14/2014,0,,N/S,B-337306 / 337307,04/21/2014,05/19/2014,0,257.680496017,0.0,0.0,0.0,0.0,0.0,0.0,OAK AVENUE+157 STREET,"(40.6174848, -74.1145427)",103979.0,98472.0,48068.0,52122.0,0.0,0.0
165,165,2014,4,10,78 STREET,160 AVENUE,159 AVENUE,1,0,1,05/01/2014,0,,N/S,B-337304 / 337305,04/21/2014,05/02/2014,0,786.591241135,0.0,0.0,0.0,0.0,0.0,0.0,78 STREET+159 AVENUE,"(40.716439, -73.80708)",104015.0,98367.0,47921.0,52228.0,0.0,0.0
164,164,2014,4,11,CLOVERDALE BOULEVARD,53 AVENUE,HOXIE DRIVE,2,2,0,05/13/2014,0,,QUEENS COMMUNITY COLLEGE,B-337302 / 337303,04/21/2014,05/21/2014,0,661.99275074,1.0,0.0,2.0,0.0,-1.0,-2.0,CLOVERDALE BOULEVARD+HOXIE DRIVE,"(40.75653880000001, -73.75413)",104196.0,98529.0,47955.0,52154.0,-1.0,-2.0
163,163,2014,4,5,67 STREET,51 ROAD,MAURICE AVENUE,1,1,0,05/05/2014,0,,EMANUEL KAPLAN SCHOOL,B-337180,04/17/2014,05/06/2014,0,317.01686077700003,0.0,0.0,1.0,0.0,0.0,-1.0,67 STREET+MAURICE AVENUE,"(40.73245240000001, -73.90229169999999)",104077.0,98538.0,47814.0,52308.0,0.0,-1.0
162,162,2014,4,4,48 AVENUE,104 STREET,108 STREET,1,1,0,05/06/2014,0,,SAINT LEO SCHOOL,B-337179,04/17/2014,05/10/2014,0,870.306203821,0.0,0.0,2.0,3.0,0.0,0.3333333333333333,48 AVENUE+108 STREET,"(40.69885, -73.7855041)",104168.0,98510.0,47964.0,52219.0,0.0,0.3333333333333333
161,161,2014,4,6,68 AVENUE,110 STREET,108 STREET,1,0,1,05/05/2014,0,,N/S,B-337178,04/17/2014,05/06/2014,0,670.6143212569999,0.0,1.0,0.0,2.0,1.0,1.0,68 AVENUE+108 STREET,"(40.6988562, -73.7854862)",104077.0,98538.0,47814.0,52308.0,1.0,1.0
160,160,2014,4,7,128 STREET,25 AVENUE,23 AVENUE,1,0,1,05/06/2014,0,,N/S,B-337176 / 337177,04/17/2014,05/10/2014,0,757.5416741189999,0.0,2.0,1.0,3.0,1.0,0.6666666666666666,128 STREET+23 AVENUE,"(40.74307, -73.99408919999999)",104168.0,98510.0,47964.0,52219.0,1.0,0.6666666666666666
159,159,2014,4,7,212 STREET,23 AVENUE,18 AVENUE,2,2,0,05/13/2014,0,,PS 169,B-337168 / 337169,04/17/2014,05/19/2014,0,756.779203064,0.0,0.0,2.0,1.0,0.0,-1.0,212 STREET+18 AVENUE,"(40.735288, -73.984751)",104196.0,98529.0,47955.0,52154.0,0.0,-1.0
158,158,2014,4,6,98 STREET,HORACE HARDING EXPRESSWAY SR S,62 DRIVE,1,1,0,05/14/2014,0,,HORACE HARDING SCHOOL,B-337062 / 337063,04/15/2014,05/19/2014,0,702.005549205,1.0,0.0,3.0,1.0,-1.0,-2.0,98 STREET+62 DRIVE,"(40.733153, -73.859733)",103979.0,98472.0,48068.0,52122.0,-1.0,-2.0
157,157,2014,4,9,110 STREET,101 AVENUE,95 AVENUE,2,0,2,05/01/2014,0,,N/S,B-337061,04/15/2014,05/02/2014,0,982.5709912919999,1.0,2.0,1.0,3.0,0.5,0.6666666666666666,110 STREET+95 AVENUE,"(40.6167008, -74.0377819)",104015.0,98367.0,47921.0,52228.0,0.5,0.6666666666666666
155,155,2014,4,11,67 AVENUE,219 STREET,SPRINGFIELD BOULEVARD,1,0,1,05/02/2014,0,,N/S,B-337058 / 337059,04/15/2014,05/06/2014,0,662.421236614,1.0,1.0,2.0,3.0,0.0,0.3333333333333333,67 AVENUE+SPRINGFIELD BOULEVARD,"(40.7073529, -73.7390612)",103888.0,98602.0,48064.0,52135.0,0.0,0.3333333333333334
154,154,2014,4,11,255 STREET,58 AVENUE,60 AVENUE,1,0,1,05/01/2014,0,,N/S,B-337056 / 337057,04/15/2014,05/02/2014,0,650.5483211559999,1.0,0.0,1.0,0.0,-1.0,-1.0,255 STREET+60 AVENUE,"(40.74128899999999, -74.0046969)",104015.0,98367.0,47921.0,52228.0,-1.0,-1.0
153,153,2014,4,2,51 AVENUE,JACOBUS STREET,73 PLACE,1,1,0,05/06/2014,0,,IS 5,B-337054 / 337055,04/15/2014,05/10/2014,0,526.93922114,0.0,0.0,0.0,3.0,0.0,1.0,51 AVENUE+73 PLACE,"(40.7403519, -73.9455728)",104168.0,98510.0,47964.0,52219.0,0.0,1.0
152,152,2014,4,13,222 STREET,131 AVENUE,133 AVENUE,1,0,1,05/12/2014,0,,N/S,B-337050 / 337051,04/15/2014,05/20/2014,0,889.2483061160001,0.0,0.0,0.0,0.0,0.0,0.0,222 STREET+133 AVENUE,"(40.67971199999999, -73.746286)",104213.0,98568.0,48014.0,52202.0,0.0,0.0
151,151,2014,4,11,53 AVENUE,195 STREET,194 STREET,2,0,2,05/02/2014,0,,N/S,B-337048 / 337049,04/15/2014,05/06/2014,0,259.65525598,0.0,0.0,0.0,0.0,0.0,0.0,53 AVENUE+194 STREET,"(40.695033, -73.758636)",103888.0,98602.0,48064.0,52135.0,0.0,0.0
150,150,2014,4,5,51 ROAD,69 STREET,67 STREET,1,1,0,05/05/2014,0,,EMANUEL KAPLAN SCHOOL,B-337045,04/15/2014,05/06/2014,0,512.262994216,2.0,0.0,2.0,0.0,-2.0,-2.0,51 ROAD+67 STREET,"(40.7348341, -73.80218099999999)",104077.0,98538.0,47814.0,52308.0,-2.0,-2.0
149,149,2014,4,1,47 STREET,34 AVENUE,BROADWAY,1,0,1,04/29/2014,0,,N/S,B-337044,04/15/2014,05/02/2014,0,976.56454515,1.0,2.0,2.0,2.0,0.5,0.0,47 STREET+BROADWAY,"(40.760411, -73.98745749999999)",104161.0,98422.0,47931.0,52409.0,0.5,0.0
148,148,2014,4,3,93 STREET,35 AVENUE,34 AVENUE,1,1,0,04/29/2014,0,,PS 280Q,B-337043,04/15/2014,05/06/2014,0,716.0693793219998,1.0,1.0,4.0,3.0,0.0,-0.3333333333333333,93 STREET+34 AVENUE,"(40.7497499, -73.9876417)",104161.0,98422.0,47931.0,52409.0,0.0,-0.3333333333333334
147,147,2014,4,9,80 STREET,PARK LANE SOUTH,JAMAICA AVENUE,3,0,3,10/15/2013,0,,N/S,B-327983,09/25/2013,10/17/2013,0,1351.7908526,3.0,0.0,3.0,3.0,-3.0,0.0,80 STREET+JAMAICA AVENUE,"(40.7134483, -73.7564111)",99465.0,102396.0,49426.0,50199.0,-3.0,0.0
146,146,2014,4,11,45 AVENUE,196 STREET,FRANCIS LEWIS BL.,1,0,1,10/31/2013,0,,N/S,B-327217 / 327218,09/12/2013,11/07/2013,0,776.6934754560001,0.0,0.0,0.0,0.0,0.0,0.0,45 AVENUE+FRANCIS LEWIS BL.,"(40.7289587, -73.7681769)",98422.0,102618.0,49523.0,49843.0,0.0,0.0
145,145,2014,4,9,86 STREET,ATLANTIC AVENUE,95 AVENUE,1,0,1,11/07/2013,0,,N/S,B-327222,09/12/2013,11/08/2013,0,491.502509837,0.0,0.0,0.0,0.0,0.0,0.0,86 STREET+95 AVENUE,"(40.7204403, -73.7297335)",98510.0,102601.0,49951.0,50078.0,0.0,0.0
144,144,2014,4,2,46 STREET,47 AVENUE,48 AVENUE,1,1,0,10/30/2013,0,,IS 125,B-327219,09/12/2013,11/01/2013,0,679.131350882,2.0,0.0,2.0,2.0,-2.0,0.0,46 STREET+48 AVENUE,"(40.7411208, -74.00484709999999)",98440.0,102640.0,49591.0,49954.0,-2.0,0.0
143,143,2014,4,11,248 STREET,THEBES AVENUE,NORTHERN BLVD.,1,0,1,10/31/2013,0,,N/S,B-327213 / 327214,09/12/2013,11/07/2013,0,711.506286867,0.0,0.0,0.0,0.0,0.0,0.0,248 STREET+NORTHERN BLVD.,"(40.6140025, -74.10593659999999)",98422.0,102618.0,49523.0,49843.0,0.0,0.0
142,142,2014,4,7,WATERS EDGE DRIVE,15 ROAD,14 AVENUE,1,0,1,11/06/2013,0,,N/S,B-327220 / 327221,09/12/2013,11/07/2013,0,649.825081027,0.0,0.0,0.0,0.0,0.0,0.0,WATERS EDGE DRIVE+14 AVENUE,"(40.7127837, -74.0059413)",98538.0,102489.0,49895.0,50112.0,0.0,0.0
141,141,2014,4,7,202 STREET,16 AVENUE,17 AVENUE,1,0,1,11/01/2013,0,,N/S,B-327211 / 327212,09/12/2013,11/07/2013,0,647.383894435,0.0,0.0,0.0,0.0,0.0,0.0,202 STREET+17 AVENUE,"(40.7405429, -73.99849859999999)",98267.0,102718.0,49646.0,49781.0,0.0,0.0
140,140,2014,4,14,GRASSMERE TERRACE,BROOKHAVEN AVENUE,AZTEC PLACE,1,1,0,10/11/2013,0,,LUCERTIA MOTT SCHOOL,C-287624,04/03/2012,10/17/2013,0,452.51832124699996,0.0,0.0,0.0,0.0,0.0,0.0,GRASSMERE TERRACE+AZTEC PLACE,"(40.5997539, -73.7604044)",99154.0,102533.0,49551.0,50229.0,0.0,0.0
139,139,2014,4,12,129 AVENUE,172 STREET,174 PLACE,1,0,1,10/09/2013,0,,N/S,B-326936 / 326937,09/06/2013,10/10/2013,0,532.169590386,0.0,0.0,0.0,0.0,0.0,0.0,129 AVENUE+174 PLACE,"(40.7435036, -74.00358430000001)",99197.0,102472.0,49636.0,50302.0,0.0,0.0
138,138,2014,4,8,PARSONS BOULEVARD,JEWEL AVENUE,65 AVENUE,8,0,8,10/18/2013,0,,N/S,B-326928 / 326929,09/06/2013,10/21/2013,0,1702.76354286,1.0,3.0,3.0,5.0,0.6666666666666666,0.4,PARSONS BOULEVARD+65 AVENUE,"(40.7127837, -74.0059413)",99105.0,102560.0,49279.0,50105.0,0.6666666666666666,0.4
137,137,2014,4,13,144 AVENUE,NORTH CONDUIT AV.,SPRINGFIELD BLVD.,1,0,1,10/11/2013,0,,N/S,B-326927,09/06/2013,10/17/2013,0,558.363222107,0.0,0.0,0.0,0.0,0.0,0.0,144 AVENUE+SPRINGFIELD BLVD.,"(40.7073529, -73.7390612)",99154.0,102533.0,49551.0,50229.0,0.0,0.0
136,136,2014,4,2,GRAND CENTRAL PARKWAY SR NORTH,230 STREET,GRAND CENTRAL PARKWAY EXIT WB,1,0,1,11/6/2013,0,,N/S,B-326933,09/06/2013,11/07/2013,0,234.931866725,0.0,0.0,0.0,0.0,0.0,0.0,GRAND CENTRAL PARKWAY SR NORTH+GRAND CENTRAL PARKWAY EXIT WB,"(40.7127837, -74.0059413)",98538.0,102489.0,49895.0,50112.0,0.0,0.0
135,135,2014,4,6,SELFRIDGE STREET,OLCOTT STREET,METROPOLITAN AV.,1,0,1,10/08/2013,0,,N/S,B-326934 / 326935,09/06/2013,10/10/2013,0,558.525471045,0.0,0.0,0.0,0.0,0.0,0.0,SELFRIDGE STREET+METROPOLITAN AV.,"(40.711239, -73.85623199999999)",99242.0,102547.0,49612.0,50314.0,0.0,0.0
134,134,2014,4,7,3 AVENUE,148 STREET,149 STREET,1,0,1,10/31/2013,0,,N/S,B-326931 / 326932,09/06/2013,11/07/2013,0,279.211929769,0.0,0.0,1.0,0.0,0.0,-1.0,3 AVENUE+149 STREET,"(40.7340539, -73.98630539999999)",98422.0,102618.0,49523.0,49843.0,0.0,-1.0
133,133,2014,4,5,MT. OLIVET CRESCENT,ELIOT AVENUE,METROPOLITAN AV.,2,0,2,10/08/2013,0,,N/S,B-326925 / 326926,09/06/2013,10/10/2013,0,1589.8479723,0.0,0.0,0.0,0.0,0.0,0.0,MT. OLIVET CRESCENT+METROPOLITAN AV.,"(40.712543, -73.89497399999999)",99242.0,102547.0,49612.0,50314.0,0.0,0.0
132,132,2014,4,12,161 STREET,89 AVENUE,HILLSIDE AVENUE,1,1,0,03/28/2014,0,,COLIN NEWELL SPECIAL SCHL/WELLINGTON HALL DAY CARE,B-322001 / 322002,05/29/2013,04/07/2014,0,731.1621283689999,2.0,1.0,4.0,2.0,-1.0,-1.0,161 STREET+HILLSIDE AVENUE,"(40.7112499, -73.7917173)",102961.0,99496.0,47473.0,51496.0,-1.0,-1.0
131,131,2014,4,12,116 AVENUE,191 STREET,194 STREET,1,0,1,10/09/2013,0,,N/S,B-322007 / 322008,05/29/2013,10/10/2013,0,660.335778871,1.0,0.0,4.0,1.0,-1.0,-3.0,116 AVENUE+194 STREET,"(40.694527, -73.757398)",99197.0,102472.0,49636.0,50302.0,-1.0,-3.0
130,130,2014,4,12,INWOOD STREET,LINDEN BOULEVARD,111 AVENUE,2,2,0,10/07/2013,0,,HEAVEN ANGELS DAY CARE,B-321982,05/29/2013,10/09/2013,0,807.429084217,1.0,1.0,3.0,2.0,0.0,-0.5,INWOOD STREET+111 AVENUE,"(40.829169, -73.942156)",99237.0,102446.0,49608.0,50568.0,0.0,-0.5000000000000001
129,129,2014,4,11,201 STREET,43 AVENUE,42 AVENUE,1,0,1,03/28/2014,0,,N/S,B-320777 / 320778,05/09/2013,04/07/2014,0,619.623177328,2.0,0.0,6.0,2.0,-2.0,-2.0,201 STREET+42 AVENUE,"(40.7507689, -73.9744099)",102961.0,99496.0,47473.0,51496.0,-2.0,-2.0000000000000004
128,128,2014,4,12,SELOVER ROAD,180 STREET,178 PLACE,1,0,1,07/22/2013,0,,N/S,C-316776 / 316729 / 316713,04/03/2013,07/24/2013,0,542.092496693,0.0,0.0,0.0,0.0,0.0,0.0,SELOVER ROAD+178 PLACE,"(40.7127837, -74.0059413)",100136.0,100353.0,52650.0,49392.0,0.0,0.0
127,127,2014,4,12,147 STREET,116 AVENUE,115 AVENUE,1,0,1,10/09/2013,0,,N/S,B-327216,09/12/2013,10/10/2013,0,680.152471517,0.0,0.0,1.0,1.0,0.0,0.0,147 STREET+115 AVENUE,"(40.683739, -73.794967)",99197.0,102472.0,49636.0,50302.0,0.0,0.0
126,126,2014,1,7,WEST 84th STREET,AMSTERDAM AVENUE,COLUMBUS AVENUE,2,2,0,07/11/2013,0,,LOUIS D. BRANDEIS HIGH SCHOOL,B-321998,05/29/2013,07/12/2013,0,900.1027245280002,0.0,0.0,0.0,0.0,0.0,0.0,WEST 84th STREET+COLUMBUS AVENUE,"(40.60100449999999, -74.0915145)",100467.0,99438.0,52286.0,49636.0,0.0,0.0
125,125,2014,1,6,EAST 56th STREET,3rd AVENUE,2nd AVENUE,1,1,0,07/18/2013,0,,HIGH SCHOOL OF DESIGN & ART,B-321997,05/29/2013,07/19/2013,0,709.861899194,0.0,0.0,0.0,0.0,0.0,0.0,EAST 56th STREET+2nd AVENUE,"(40.7643734, -73.96160909999999)",100171.0,99859.0,52400.0,49405.0,0.0,0.0
124,124,2014,1,10,WEST 122nd STREET,7th AVENUE,LENOX AVENUE,1,1,0,07/16/2013,0,,HANS CHRISTIAN ANDERSEN COMPLEX,B-321996,05/29/2013,07/18/2013,0,899.6858354780002,0.0,0.0,0.0,0.0,0.0,0.0,WEST 122nd STREET+LENOX AVENUE,"(40.810025, -73.94392189999999)",100460.0,99713.0,52332.0,49595.0,0.0,0.0
123,123,2014,1,11,EAST 104th STREET,PARK AVENUE,LEXINGTON AVENUE,1,1,0,07/15/2013,0,,PS 72,B-321995,05/29/2013,07/18/2013,0,512.179623921,0.0,0.0,0.0,0.0,0.0,0.0,EAST 104th STREET+LEXINGTON AVENUE,"(40.77332790000001, -73.9600885)",100577.0,99623.0,52286.0,49676.0,0.0,0.0
122,122,2014,1,8,EAST 95th STREET,PARK AVENUE,MADISON AVENUE,1,1,0,07/15/2013,0,,HUNTER COLLEGE CAMPUS SCHOOL,B-321994,05/29/2013,07/18/2013,0,510.12050606599996,0.0,0.0,0.0,0.0,0.0,0.0,EAST 95th STREET+MADISON AVENUE,"(40.8146908, -73.9345503)",100577.0,99623.0,52286.0,49676.0,0.0,0.0
121,121,2014,1,7,WEST 105th STREET,COLUMBUS AVENUE,AMSTERDAM AVENUE,2,2,0,07/10/2013,0,,BLOOMINGDALE SCHOOL/PS 145,B-321993,05/29/2013,07/11/2013,0,900.374860471,0.0,0.0,0.0,0.0,0.0,0.0,WEST 105th STREET+AMSTERDAM AVENUE,"(40.8134133, -73.9562303)",100500.0,99299.0,52321.0,49612.0,0.0,0.0
120,120,2014,1,12,JUMEL PLACE,WEST 167th STREET,WEST 168th STREET,1,1,0,07/16/2013,0,,MIRABEL SISTERS SCHOOL,B-321992,05/29/2013,07/18/2013,0,341.541731556,0.0,0.0,0.0,0.0,0.0,0.0,JUMEL PLACE+WEST 168th STREET,"(40.84114, -73.9398625)",100460.0,99713.0,52332.0,49595.0,0.0,0.0
119,119,2014,1,12,OVERLOOK TERRACE,WEST 187th STREET,WEST 184th STREET,2,0,2,07/12/2013,0,,N/S,B-321991 / 321990 / 321989 / 321988,05/29/2013,07/15/2013,0,854.8508316110001,0.0,0.0,0.0,0.0,0.0,0.0,OVERLOOK TERRACE+WEST 184th STREET,"(40.8511061, -73.9324275)",100359.0,99615.0,52281.0,49566.0,0.0,0.0
118,118,2014,1,9,MORNINGSIDE DRIVE,WEST 110th STREET,WEST 113th STREET,2,0,2,10/03/2013,0,,N/S,C-299404 / 299412,07/31/2012,10/07/2013,0,825.555086811,0.0,0.0,0.0,0.0,0.0,0.0,MORNINGSIDE DRIVE+WEST 113th STREET,"(40.8031131, -73.9582361)",99133.0,102526.0,49651.0,50901.0,0.0,0.0
117,117,2014,1,12,LAUREL HILL TERRACE,WEST 182nd STREET,WEST 186th STREET,2,2,0,10/02/2013,0,,YESHIVA UNIVERSITY,C-299258 / 299408,07/31/2012,10/04/2013,0,1133.25183988,0.0,0.0,0.0,0.0,0.0,0.0,LAUREL HILL TERRACE+WEST 186th STREET,"(40.852931, -73.93272259999999)",99163.0,102410.0,49579.0,51025.0,0.0,0.0
108,108,2014,3,2,CLERMONT AVENUE,MYRTLE AVENUE,PARK AVENUE,2,2,0,05/29/2014,0,,PS 46,B-339473 / 339515,05/15/2014,05/31/2014,0,987.932746542,1.0,2.0,3.0,4.0,0.5,0.25,CLERMONT AVENUE+PARK AVENUE,"(40.7903081, -73.94961649999999)",104089.0,98231.0,48569.0,51372.0,0.5,0.25
107,107,2014,3,3,HERKIMER STREET,KINGSTON AVENUE,ALBANY AVENUE,1,0,1,05/29/2014,0,,N/S,B-339443,05/15/2014,05/31/2014,0,769.793213159,0.0,2.0,2.0,3.0,1.0,0.3333333333333333,HERKIMER STREET+ALBANY AVENUE,"(40.6652457, -73.9397949)",104089.0,98231.0,48569.0,51372.0,1.0,0.3333333333333333
106,106,2014,3,2,WAVERLY AVENUE,FULTON STREET,ATLANTIC AVENUE,1,1,0,06/02/2014,0,,NDEAVOR CHARTER SCHOOL,B-339428,05/15/2014,01/00/1900,0,707.550209424,1.0,1.0,2.0,1.0,0.0,-1.0,WAVERLY AVENUE+ATLANTIC AVENUE,"(40.6759852, -73.9039739)",103768.0,98691.0,49261.0,51185.0,0.0,-1.0
105,105,2014,3,4,WOODBINE STREET,EVERGREEN AVENUE,BUSHWICK AVENUE,1,1,0,05/30/2014,0,,PS 299,B-339427,05/15/2014,06/02/2014,0,630.069162532,1.0,1.0,1.0,1.0,0.0,0.0,WOODBINE STREET+BUSHWICK AVENUE,"(40.692626, -73.923672)",104038.0,98473.0,48734.0,51260.0,0.0,0.0
104,104,2014,3,3,PARK PLACE,ROGERS AVENUE,NOSTRAND AVENUE,2,2,0,05/28/2014,0,,PS/MS 138-TRAINING SCHOOL FOR TEACHERS,B-339475,05/15/2014,05/31/2014,0,770.433778758,4.0,1.0,6.0,4.0,-3.0,-0.5,PARK PLACE+NOSTRAND AVENUE,"(40.6732192, -73.9504479)",104029.0,98172.0,48686.0,51426.0,-3.0,-0.5000000000000001
103,103,2014,3,9,CARROLL STREET,BEDFORD AVENUE,ROGERS AVENUE,1,1,0,06/03/2014,0,,MEDGAR EVERS COLLEGE,B-339474,05/15/2014,,0,751.5048524580002,5.0,5.0,7.0,7.0,0.0,0.0,CARROLL STREET+ROGERS AVENUE,"(40.6569007, -73.95315470000001)",103499.0,98761.0,49414.0,51017.0,0.0,0.0
102,102,2014,3,17,EAST 48 STREET,CLARENDON ROAD,AVENUE D,1,1,0,06/03/2014,0,,PS 208,B-339472,05/15/2014,,0,839.9489296360001,0.0,1.0,1.0,6.0,1.0,0.8333333333333334,EAST 48 STREET+AVENUE D,"(40.800137, -73.9522741)",103499.0,98761.0,49414.0,51017.0,1.0,0.8333333333333334
101,101,2014,3,16,HERKIMER STREET,ROCKAWAY AVENUE,MONACO PLACE,2,2,0,05/28/2014,0,,PS 155,B-339440 / 339479,05/15/2014,05/31/2014,0,509.428082365,2.0,0.0,2.0,2.0,-2.0,0.0,HERKIMER STREET+MONACO PLACE,"(40.6763083, -73.9090734)",104029.0,98172.0,48686.0,51426.0,-2.0,0.0
100,100,2014,3,7,6 AVENUE,22 STREET,21 STREET,1,0,1,05/23/2014,0,,N/S,B-339500 / 339502,05/15/2014,05/28/2014,0,260.654105233,1.0,1.0,1.0,1.0,0.0,0.0,6 AVENUE+21 STREET,"(40.7195672, -74.0052161)",103725.0,98660.0,48562.0,51425.0,0.0,0.0
99,99,2014,3,7,6 AVENUE,23 STREET,22 STREET,1,0,1,05/23/2014,0,,N/S,B-339429 / 339480,05/15/2014,05/28/2014,0,260.161580352,0.0,2.0,1.0,2.0,1.0,0.5,6 AVENUE+22 STREET,"(40.7196951, -74.0051835)",103725.0,98660.0,48562.0,51425.0,1.0,0.5
98,98,2014,3,15,EAST 4 STREET,AVENUE T,AVENUE U,1,0,1,05/30/2014,0,,N/S,B-339039,05/10/2014,06/02/2014,0,829.8699570919998,3.0,0.0,3.0,2.0,-3.0,-0.5,EAST 4 STREET+AVENUE U,"(40.7990787, -73.9523942)",104038.0,98473.0,48734.0,51260.0,-3.0,-0.4999999999999999
97,97,2014,3,7,47 STREET,4 AVENUE,3 AVENUE,1,1,0,05/21/2014,0,,PS 1,B-339038,05/10/2014,05/23/2014,0,709.77651541,2.0,4.0,4.0,5.0,0.5,0.2,47 STREET+3 AVENUE,"(40.7307164, -73.988681)",103601.0,98521.0,48524.0,51611.0,0.5,0.20000000000000004
95,95,2014,3,15,BRIGHAM STREET,AVENUE X,AVENUE Y,1,0,1,05/30/2014,0,,N/S,B-339040,05/10/2014,06/02/2014,0,780.1711656719998,0.0,0.0,1.0,2.0,0.0,0.5,BRIGHAM STREET+AVENUE Y,"(40.58558300000001, -73.931923)",104038.0,98473.0,48734.0,51260.0,0.0,0.5
94,94,2014,3,16,MacDOUGAL STREET,MOTHER GASTON BLVD.,ROCKAWAY AV.,1,1,0,05/29/2014,0,,PS/IS 73,B-339205,05/12/2014,05/31/2014,0,745.000973557,0.0,0.0,0.0,0.0,0.0,0.0,MacDOUGAL STREET+ROCKAWAY AV.,"(40.662549, -73.908946)",104089.0,98231.0,48569.0,51372.0,0.0,0.0
93,93,2014,3,2,GRAND AVENUE,FULTON STREET,LEFFERTS PLACE,1,1,0,06/02/2014,0,,OPEN FOR LEARNING BELIEF SDA SCHOOL,B-339204,05/12/2014,,0,346.512323394,0.0,2.0,1.0,3.0,1.0,0.6666666666666666,GRAND AVENUE+LEFFERTS PLACE,"(40.680798, -73.958396)",103768.0,98691.0,49261.0,51185.0,1.0,0.6666666666666666
92,92,2014,3,4,GEORGE STREET,EVERGREEN AVENUE,CENTRAL AVENUE,1,0,1,05/30/2014,0,,N/S,B-339203,05/12/2014,06/02/2014,0,689.1582606610001,3.0,0.0,4.0,1.0,-3.0,-3.0,GEORGE STREET+CENTRAL AVENUE,"(40.63952889999999, -74.07645)",104038.0,98473.0,48734.0,51260.0,-3.0,-3.0
91,91,2014,3,3,MADISON STREET,MARCY AVENUE,TOMPKINS AVENUE,2,2,0,05/27/2014,0,,PS 305 / DR. PETER RAY SCHOOL,B-339202,05/12/2014,06/02/2014,0,795.5220862960001,0.0,1.0,1.0,2.0,1.0,0.5,MADISON STREET+TOMPKINS AVENUE,"(40.6167451, -74.0744436)",104143.0,97963.0,48611.0,51415.0,1.0,0.5
90,90,2014,3,6,1 STREET,6 AVENUE,7 AVENUE,2,2,0,05/22/2014,0,,PS 321,B-339201,05/12/2014,05/28/2014,0,775.659754041,3.0,4.0,4.0,5.0,0.25,0.2,1 STREET+7 AVENUE,"(40.7366055, -74.0011061)",103674.0,98561.0,48556.0,51534.0,0.24999999999999997,0.2
89,89,2014,3,9,CROWN STREET,NEW YORK AVENUE,NOSTRAND AVENUE,2,2,0,05/27/2014,0,,PS 161/BETH RIVKAH SCHOOLS LUBAVITH,B-339200,05/12/2014,06/02/2014,0,770.042990703,2.0,0.0,2.0,0.0,-2.0,-2.0,CROWN STREET+NOSTRAND AVENUE,"(40.67838, -73.94821999999999)",104143.0,97963.0,48611.0,51415.0,-2.0,-2.0
88,88,2014,3,6,2 STREET,7 AVENUE,6 AVENUE,2,2,0,05/22/2014,0,,PS 321,B-339198,05/12/2014,05/28/2014,0,775.6225313389999,1.0,0.0,1.0,2.0,-1.0,0.5,2 STREET+6 AVENUE,"(40.7190491, -74.00516189999999)",103674.0,98561.0,48556.0,51534.0,-1.0,0.5
86,86,2014,3,18,EAST 69 STREET,VETERANS AVENUE,AVENUE U,1,1,0,11/25/2013,0,,ST. BERNARD SCHOOL,B-330219 / 330220,11/12/2013,12/06/2013,0,531.029428608,0.0,3.0,1.0,5.0,1.0,0.8,EAST 69 STREET+AVENUE U,"(40.8013853, -73.95256719999999)",98610.0,102702.0,50895.0,49388.0,1.0,0.8
85,85,2014,3,12,OCEAN PARKWAY,AVENUE J,AVENUE L,4,4,0,08/20/2013,0,,BKLYN NURS. SCHOOL, R.C. SEMINARY,B-325820,08/01/2013,08/21/2013,0.0,6.0,3.0,11.0,16.0,-1.0,0.3125,OCEAN PARKWAY+AVENUE L,"(40.6013236, -73.7625633)",101071.0,101053.0,51529.0,50506.0,-1.0,0.31249999999999994
84,84,2014,3,3,JEFFERSON AVENUE,LEWIS AVENUE,STUYVESANT AV.,2,0,2,08/19/2013,0,,BRIDGE STREET HEAD START PLAYGROUND,B-325721,08/08/2013,08/21/2013,0,819.455952014,0.0,0.0,0.0,0.0,0.0,0.0,JEFFERSON AVENUE+STUYVESANT AV.,"(40.6882279, -73.93309810000001)",101097.0,101091.0,51639.0,50516.0,0.0,0.0
83,83,2014,3,6,12 STREET,7 AVENUE,8 AVENUE,2,0,2,08/14/2013,0,,N/S,B-324367,07/17/2013,08/16/2013,0,775.892629907,0.0,2.0,3.0,2.0,1.0,-0.5,12 STREET+8 AVENUE,"(40.73731009999999, -74.0050533)",100590.0,100527.0,51938.0,50111.0,1.0,-0.5000000000000001
82,82,2014,3,18,HENDRICKSON STREET,AVENUE P,FLATLANDS AVENUE,2,2,0,08/12/2013,0,,"PS 207, MIDWOOD CATH. ACAD.",B-324181,07/17/2013,08/14/2013,0,788.5931796660001,0.0,0.0,1.0,0.0,0.0,-1.0,HENDRICKSON STREET+FLATLANDS AVENUE,"(40.6569835, -73.876578)",100891.0,100691.0,51958.0,50355.0,0.0,-1.0
81,81,2014,3,3,MADISON STREET,TOMPKINS AVENUE,THROOP AVENUE,2,0,2,08/08/2013,0,,N/S,B-324184,07/17/2013,08/14/2013,0,794.738815423,1.0,0.0,4.0,0.0,-1.0,-4.0,MADISON STREET+THROOP AVENUE,"(40.692358, -73.942807)",100642.0,100527.0,52045.0,49895.0,-1.0,-4.0
80,80,2014,3,4,JEFFERSON AVENUE,KNICKERBOCKER AV.,IRVING AVENUE,1,0,1,08/05/2013,0,,N/S,B-324356,07/17/2013,08/06/2013,0,721.170666815,1.0,1.0,3.0,2.0,0.0,-0.5,JEFFERSON AVENUE+IRVING AVENUE,"(40.6988381, -73.91407199999999)",100357.0,100564.0,52371.0,49911.0,0.0,-0.4999999999999999
79,79,2014,3,3,JEFFERSON AVENUE,MARCY AVENUE,TOMPKINS AVENUE,1,0,1,08/05/2013,0,,N/S,B-324211,07/17/2013,08/06/2013,0,795.5320338189999,3.0,2.0,3.0,3.0,-0.5,0.0,JEFFERSON AVENUE+TOMPKINS AVENUE,"(40.6167451, -74.0744436)",100357.0,100564.0,52371.0,49911.0,-0.5000000000000001,0.0
78,78,2014,3,4,LINDEN STREET,BROADWAY,BUSHWICK AVENUE,1,0,1,08/07/2013,0,,N/S,B-324368,07/17/2013,08/09/2013,0,648.860062625,3.0,3.0,6.0,7.0,0.0,0.14285714285714285,LINDEN STREET+BUSHWICK AVENUE,"(40.692626, -73.923672)",100231.0,100422.0,52235.0,49934.0,0.0,0.14285714285714288
77,77,2014,3,6,14 STREET,5 AVENUE,6 AVENUE,1,0,1,08/12/2013,0,,N/S,B-324183,07/17/2013,08/14/2013,0,775.54045782,1.0,2.0,1.0,3.0,0.5,0.6666666666666666,14 STREET+6 AVENUE,"(40.7194367, -74.0051749)",100891.0,100691.0,51958.0,50355.0,0.5,0.6666666666666667
76,76,2014,3,8,PROSPECT PLACE,UTICA AVENUE,SCHENECTADY AV.,1,0,1,07/26/2013,0,,N/S,B-324360,07/17/2013,07/30/2013,0,770.338305108,0.0,0.0,0.0,0.0,0.0,0.0,PROSPECT PLACE+SCHENECTADY AV.,"(40.670666, -73.933846)",100220.0,100377.0,52516.0,49331.0,0.0,0.0
75,75,2014,3,14,EAST 16 STREET,BEVERLY ROAD,CORTELYOU ROAD,1,0,1,07/29/2013,0,,N/S,B-324354,07/17/2013,07/31/2013,0,1029.42980488,1.0,2.0,1.0,3.0,0.5,0.6666666666666666,EAST 16 STREET+CORTELYOU ROAD,"(40.64024089999999, -74.0936929)",100435.0,100449.0,52521.0,49640.0,0.5,0.6666666666666666
74,74,2014,3,17,EAST 42 STREET,AVENUE D,FOSTER AVENUE,1,0,1,08/02/2013,0,,N/S,B-324363,07/17/2013,08/06/2013,0,855.205409705,0.0,0.0,0.0,0.0,0.0,0.0,EAST 42 STREET+FOSTER AVENUE,"(40.6392644, -73.93776559999999)",99981.0,100679.0,52469.0,49523.0,0.0,0.0
73,73,2014,3,17,TROY AVENUE,AVENUE D,FOSTER AVENUE,1,1,0,08/02/2013,0,,ST. THERESE OF LISIEUX SCHOOL,B-324362,07/17/2013,08/06/2013,0,857.5704855360001,1.0,1.0,1.0,3.0,0.0,0.6666666666666666,TROY AVENUE+FOSTER AVENUE,"(40.6392644, -73.93776559999999)",99981.0,100679.0,52469.0,49523.0,0.0,0.6666666666666667
72,72,2014,3,6,5 STREET,4 AVENUE,5 AVENUE,2,2,0,08/15/2013,0,,WILLIAM ALEXANDER M.S.,B-324180,07/17/2013,08/16/2013,0,796.40610064,0.0,3.0,1.0,3.0,1.0,0.6666666666666666,5 STREET+5 AVENUE,"(40.732039, -73.996512)",100668.0,100700.0,51819.0,50159.0,1.0,0.6666666666666667
71,71,2014,3,3,LEFFERTS PLACE,CLASSON AVENUE,FRANKLIN AVENUE,2,0,2,08/01/2013,0,,N/S,B-321122 / 321123,05/16/2013,08/05/2013,0,836.381958095,3.0,1.0,3.0,2.0,-2.0,-0.5,LEFFERTS PLACE+FRANKLIN AVENUE,"(40.689456, -73.957056)",100103.0,100481.0,52406.0,49591.0,-2.0,-0.4999999999999999
70,70,2014,3,2,WASHINGTON AVENUE,MYRTLE AVENUE,PARK AVENUE,1,0,1,07/29/2013,0,,WASHINGTON HALL PARK PLAYGROUND,B-322005 / 322004,05/29/2013,07/31/2013,0,867.3241599410001,6.0,3.0,8.0,6.0,-1.0,-0.3333333333333333,WASHINGTON AVENUE+PARK AVENUE,"(40.680051, -73.583913)",100435.0,100449.0,52521.0,49640.0,-1.0,-0.3333333333333333
69,69,2014,3,17,MARTENSE STREET,NOSTRAND AVENUE,ROGERS AVENUE,2,0,2,07/05/2013,0,,N/S,B-322009 / 319623,05/29/2013,07/11/2013,0,804.985275848,2.0,3.0,3.0,6.0,0.3333333333333333,0.5,MARTENSE STREET+ROGERS AVENUE,"(40.6569007, -73.95315470000001)",101140.0,99271.0,52300.0,49651.0,0.3333333333333333,0.5
68,68,2014,3,15,EAST 15 STREET,AVENUE Y,GRAVESEND NECK RD.,2,0,2,07/22/2013,0,,N/S,B-321986 / 321987,05/29/2013,07/24/2013,0,1753.9881471,0.0,0.0,0.0,0.0,0.0,0.0,EAST 15 STREET+GRAVESEND NECK RD.,"(40.595246, -73.95516099999999)",100136.0,100353.0,52650.0,49392.0,0.0,0.0
67,67,2014,3,5,FOUNTAIN AVENUE,ATLANTIC AVENUE,WELLS STREET,2,2,0,07/23/2013,0,,EAST NY HIGH SCHOOL/TRANSIT TECH,B-321985,05/29/2013,07/30/2013,0,711.602717762,0.0,0.0,2.0,0.0,0.0,-2.0,FOUNTAIN AVENUE+WELLS STREET,"(40.6783753, -73.87517)",100013.0,100390.0,52643.0,49311.0,0.0,-2.0
66,66,2014,3,7,30 STREET,4 AVENUE,5 AVENUE,2,2,0,11/04/2013,0,,PS 172,B-319673,05/01/2013,11/08/2013,0,797.993218149,0.0,0.0,0.0,0.0,0.0,0.0,30 STREET+5 AVENUE,"(40.7333678, -73.9958151)",98642.0,102621.0,49784.0,49880.0,0.0,0.0
65,65,2014,3,17,EAST 51 STREET,CHURCH AVENUE,LINDEN BOULEVARD,1,0,1,11/15/2013,0,,N/S,B-319625,05/01/2013,11/18/2013,0,702.771878415,2.0,2.0,4.0,4.0,0.0,0.0,EAST 51 STREET+LINDEN BOULEVARD,"(40.693261, -73.773804)",98472.0,102740.0,50189.0,49957.0,0.0,0.0
64,64,2014,3,3,SKILLMAN STREET,WILLOUGHBY AVENUE,FLUSHING AVENUE,1,0,1,11/15/2013,0,,N/S,C-318958 / 318957 / 318956,04/23/2013,11/18/2013,0,790.2468127980002,2.0,2.0,4.0,6.0,0.0,0.3333333333333333,SKILLMAN STREET+FLUSHING AVENUE,"(40.70474189999999, -73.9293081)",98472.0,102740.0,50189.0,49957.0,0.0,0.3333333333333334
63,63,2014,3,7,41 STREET,7 AVENUE,6 AVENUE,2,0,2,12/02/2013,2,05/20/2014,SUNSET PARK,C-317777,04/11/2013,12/05/2013,0,781.342042642,2.0,1.0,3.0,1.0,-1.0,-2.0,41 STREET+6 AVENUE,"(40.7208925, -74.00527330000001)",98574.0,102328.0,51385.0,49190.0,-1.0,-1.9999999999999996
62,62,2014,3,6,15 STREET,5 AVENUE,4 AVENUE,1,0,1,07/11/2013,0,,N/S,C-317785,04/11/2013,09/12/2013,0,795.5257610589999,2.0,3.0,2.0,6.0,0.3333333333333333,0.6666666666666666,15 STREET+4 AVENUE,"(40.6840335, -73.9784573)",100467.0,99438.0,52286.0,49636.0,0.3333333333333333,0.6666666666666667
61,61,2014,2,7,PERRY AVENUE,EAST 204th STREET,EAST GUN HILL ROAD,3,0,3,04/10/2014,0,,N/S,B-335178 / 335179 / 335180,03/27/2014,05/02/2014,0,2505.14916607,4.0,3.0,5.0,4.0,-0.3333333333333333,-0.25,PERRY AVENUE+EAST GUN HILL ROAD,"(40.8961855, -73.84112089999999)",103153.0,99193.0,48292.0,51835.0,-0.3333333333333334,-0.2500000000000001
60,60,2014,2,7,EAST 205th STREET,DECATUR AVENUE,HULL AVENUE,1,0,1,04/16/2014,0,,N/S,B-335146,03/26/2014,04/19/2014,0,261.053376388,0.0,0.0,0.0,0.0,0.0,0.0,EAST 205th STREET+HULL AVENUE,"(40.875254, -73.875592)",103273.0,99105.0,48479.0,51981.0,0.0,0.0
59,59,2014,2,7,EAST 209th STREET,DECATUR AVENUE,HULL AVENUE,1,0,1,04/18/2014,0,,N/S,B-335145,03/26/2014,04/26/2014,0,260.126266244,0.0,0.0,0.0,0.0,0.0,0.0,EAST 209th STREET+HULL AVENUE,"(40.875254, -73.875592)",103413.0,99222.0,48520.0,52115.0,0.0,0.0
58,58,2014,2,7,HULL AVENUE,EAST GUN HILL ROAD,EAST 205th STREET,2,0,2,04/11/2014,0,1 TBI,PS 56,B-335064 / 335066 / 335065,03/25/2014,4/21/2014 [2],0,2060.62331268,0.0,0.0,0.0,0.0,0.0,0.0,HULL AVENUE+EAST 205th STREET,"(40.8753984, -73.88341)",103165.0,99335.0,48470.0,51797.0,0.0,0.0
57,57,2014,2,7,PARKSIDE PLACE,EAST 209th STREET,EAST 207th STREET,1,0,1,04/21/2014,0,,N/S,B-335069,03/25/2014,04/26/2014,0,530.124593098,0.0,0.0,0.0,0.0,0.0,0.0,PARKSIDE PLACE+EAST 207th STREET,"(40.8755134, -73.8764848)",103801.0,98921.0,48032.0,52369.0,0.0,0.0
56,56,2014,2,7,DECATUR AVENUE,EAST 209th STREET,EAST GUN HILL ROAD,2,2,0,04/14/2014,0,,CHILD CARE CENTER,B-335068,03/25/2014,04/19/2014,0,901.159930755,2.0,4.0,4.0,11.0,0.5,0.6363636363636364,DECATUR AVENUE+EAST GUN HILL ROAD,"(40.8961855, -73.84112089999999)",103274.0,99399.0,48623.0,52001.0,0.5,0.6363636363636362
55,55,2014,2,7,DECATUR AVENUE,EAST 204th STREET,EAST 205th STREET,1,0,1,04/16/2014,0,,N/S,B-335067,03/25/2014,04/19/2014,0,727.0375645339999,0.0,0.0,0.0,0.0,0.0,0.0,DECATUR AVENUE+EAST 205th STREET,"(40.8753984, -73.88341)",103273.0,99105.0,48479.0,51981.0,0.0,0.0
54,54,2014,2,7,TRYON AVENUE,EAST GUN HILL ROAD,RESERVOIR OVAL W.,1,0,1,04/21/2014,0,,N/S,B-335070 / 335071,03/25/2014,04/26/2014,0,411.467559058,0.0,0.0,0.0,0.0,0.0,0.0,TRYON AVENUE+RESERVOIR OVAL W.,"(40.8788433, -73.8779612)",103801.0,98921.0,48032.0,52369.0,0.0,0.0
53,53,2014,2,11,HOLLAND AVENUE,RHINELANDER AVENUE,MORRIS PARK AVENUE,2,2,0,04/07/2014,0,,BRONX CHARTER SCHOOL FOR EXCELLENCE,B-334976,03/24/2014,04/10/2014,0,832.818748207,3.0,0.0,4.0,4.0,-3.0,0.0,HOLLAND AVENUE+MORRIS PARK AVENUE,"(40.8465625, -73.85969539999999)",103322.0,99197.0,48404.0,52023.0,-3.0,0.0
52,52,2014,2,7,PERRY AVENUE,HOLT PLACE,EAST 209th STREET,1,0,1,04/09/2014,0,,N/S,B-334764,03/19/2014,04/10/2014,0,350.98318040199996,0.0,0.0,0.0,0.0,0.0,0.0,PERRY AVENUE+EAST 209th STREET,"(40.876787, -73.874448)",103157.0,99154.0,48364.0,51885.0,0.0,0.0
51,51,2014,2,12,WILDER AVENUE,STRANG AVENUE,EDENWALD AVENUE,1,0,1,03/20/2014,0,,N/S,B-332356 / 332361,01/24/2014,03/22/2014,0,1039.85601926,1.0,1.0,2.0,1.0,0.0,-1.0,WILDER AVENUE+EDENWALD AVENUE,"(40.8914117, -73.8504379)",102188.0,99765.0,47177.0,50594.0,0.0,-1.0
50,50,2014,2,12,SOUTH OAK DRIVE,BRONXWOOD AV.,BARNES AVENUE,1,0,1,03/20/2014,0,,N/S,B-332355 / 332362,01/24/2014,03/22/2014,0,519.356241564,0.0,3.0,1.0,3.0,1.0,0.6666666666666666,SOUTH OAK DRIVE+BARNES AVENUE,"(40.8768665, -73.8616725)",102188.0,99765.0,47177.0,50594.0,1.0,0.6666666666666666
49,49,2014,2,11,WOODHULL AVENUE,HAWTHORNE STREET,FIELDING STREET,1,0,1,03/24/2014,0,,N/S,B-332350 / 332354,01/24/2014,03/25/2014,0,273.635438454,0.0,0.0,0.0,0.0,0.0,0.0,WOODHULL AVENUE+FIELDING STREET,"(40.8635387, -73.8417386)",102703.0,99498.0,46989.0,51202.0,0.0,0.0
48,48,2014,2,8,GOUVERNEUR AVENUE,SEDGWICK AVENUE,VAN CORTLANDT PARK SOUTH,2,2,0,04/03/2014,0,,PS 95,B-332369,01/24/2014,04/09/2014,0,954.070942642,2.0,0.0,3.0,1.0,-2.0,-2.0,GOUVERNEUR AVENUE+VAN CORTLANDT PARK SOUTH,"(40.8854665, -73.8937073)",103113.0,99044.0,47873.0,51976.0,-2.0,-2.0000000000000004
47,47,2014,2,8,CORLEAR AVENUE,WEST 231st STREET,WEST 232nd STREET,1,0,1,03/21/2014,0,,N/S,B-332359 / 332370,01/24/2014,03/25/2014,0,525.647008461,0.0,0.0,0.0,0.0,0.0,0.0,CORLEAR AVENUE+WEST 232nd STREET,"(40.8836768, -73.9109387)",102212.0,99807.0,47210.0,50668.0,0.0,0.0
46,46,2014,2,8,WEST 228th STREET,BROADWAY,MARBLE HILL AV.,1,0,1,03/25/2014,0,,N/S,B-332358 / 332370,01/24/2014,04/01/2014,0,628.125401116,0.0,0.0,0.0,0.0,0.0,0.0,WEST 228th STREET+MARBLE HILL AV.,"(40.8765849, -73.9094664)",102823.0,99527.0,47277.0,51206.0,0.0,0.0
45,45,2014,2,6,EAST 175th STREET,MARMION AVENUE,PROSPECT AVENUE,2,0,2,03/10/2014,0,,N/S,B-332357,01/24/2014,03/11/2014,0,696.6051115460001,0.0,0.0,0.0,0.0,0.0,0.0,EAST 175th STREET+PROSPECT AVENUE,"(40.6613913, -73.9864403)",101617.0,100395.0,48397.0,50069.0,0.0,0.0
44,44,2014,2,7,AQUEDUCT AVENUE,WEST 190th STREET,WEST 192nd STREET,1,0,1,04/04/2014,0,,N/S,B-332327,01/23/2014,04/09/2014,0,731.6931485439999,0.0,0.0,0.0,0.0,0.0,0.0,AQUEDUCT AVENUE+WEST 192nd STREET,"(40.8566373, -73.92969200000002)",103080.0,99233.0,48047.0,52012.0,0.0,0.0
43,43,2014,2,5,SEDGWICK AVENUE,WEST 179th STREET,HALL OF FAME TERRACE,2,2,0,03/13/2014,0,,PS 226,B-332265 / 332266,01/23/2014,03/21/2014,0,988.3515303360001,8.0,1.0,12.0,6.0,-7.0,-1.0,SEDGWICK AVENUE+HALL OF FAME TERRACE,"(40.8588201, -73.9108801)",101675.0,100067.0,47986.0,50112.0,-7.0,-1.0
42,42,2014,2,5,POPHAM AVENUE,WEST 176th STREET,WEST 175th STREET,1,0,1,03/21/2014,0,,N/S,B-332326,01/23/2014,03/25/2014,0,505.641009942,0.0,0.0,0.0,0.0,0.0,0.0,POPHAM AVENUE+WEST 175th STREET,"(40.8448706, -73.9351763)",102212.0,99807.0,47210.0,50668.0,0.0,0.0
41,41,2014,2,4,JESUP AVENUE,JESUP PLACE,WEST 172nd STREET,1,0,1,04/04/2014,0,,N/S,B-332325,03/11/2014,04/09/2014,0,514.035261199,0.0,0.0,0.0,0.0,0.0,0.0,JESUP AVENUE+WEST 172nd STREET,"(40.843961, -73.9390287)",103080.0,99233.0,48047.0,52012.0,0.0,0.0
40,40,2014,2,1,ST. ANNS AVENUE,WESTCHESTER AV.,EAST 159th STREET,3,2,1,03/19/2014,0,,CROTONA ACADEMY - SOUTH BRONX H.S.,B-332323 / 332324 / 332320 / 332321 / 332322,01/23/2014,03/21/2014,0,1974.49123886,0.0,0.0,0.0,0.0,0.0,0.0,ST. ANNS AVENUE+EAST 159th STREET,"(40.8234765, -73.91619469999999)",102206.0,99786.0,47325.0,50555.0,0.0,0.0
39,39,2014,2,5,NELSON AVENUE,MACOMBS ROAD,FEATHERBED LANE,3,2,1,03/07/2014,0,,ICHAN CHARTER SCHOOL, HALF NELSON PLAYGROUND,B- 332318 / 332319,01/23/2014,03/11/2014,0.0,0.0,0.0,1.0,2.0,0.0,0.5,NELSON AVENUE+FEATHERBED LANE,"(40.8460014, -73.9171255)",101095.0,100779.0,48579.0,49568.0,0.0,0.5
38,38,2014,2,4,INWOOD AVENUE,WEST CLARKE PLACE,WEST 170th STREET,1,0,1,03/14/2014,0,,N/S,B-332317,01/23/2014,03/21/2014,0,753.3277179710001,0.0,0.0,0.0,0.0,0.0,0.0,INWOOD AVENUE+WEST 170th STREET,"(40.842356, -73.93900219999999)",101682.0,100136.0,47841.0,50104.0,0.0,0.0
37,37,2014,2,3,EAST 159th STREET,MELROSE AVENUE,COURTLANDT AV.,1,0,1,03/11/2014,0,,N/S,B-332316,01/23/2014,03/12/2014,0,510.701629675,0.0,0.0,0.0,0.0,0.0,0.0,EAST 159th STREET+COURTLANDT AV.,"(40.8206599, -73.9176823)",101661.0,100213.0,48305.0,50075.0,0.0,0.0
36,36,2014,2,3,FOREST AVENUE,HOME STREET,EAST 166th STREET,1,1,0,04/08/2014,0,,RT HUDSON SDA ELEMENTARY SCHOOL,B-332315,01/23/2014,04/10/2014,0,640.569170268,0.0,0.0,0.0,0.0,0.0,0.0,FOREST AVENUE+EAST 166th STREET,"(40.8319625, -73.91984149999999)",103247.0,99169.0,48319.0,51867.0,0.0,0.0
35,35,2014,2,3,BRYANT AVENUE,FREEMAN STREET,HOME STREET,1,0,1,03/05/2014,0,,N/S,B-332314,01/23/2014,03/07/2014,0,376.687302107,0.0,0.0,0.0,0.0,0.0,0.0,BRYANT AVENUE+HOME STREET,"(40.828332, -73.8948568)",101094.0,100816.0,48857.0,49414.0,0.0,0.0
34,34,2014,2,1,EAGLE AVENUE,EAST 158th STREET,EAST 156th STREET,1,1,0,04/28/2014,0,,PS 157 / GROVE HILL SCHOOL,B-334072,03/06/2014,05/02/2014,0,517.341019662,0.0,0.0,0.0,0.0,0.0,0.0,EAGLE AVENUE+EAST 156th STREET,"(40.8185475, -73.907787)",104201.0,98440.0,47982.0,52489.0,0.0,0.0
33,33,2014,2,1,EAGLE AVENUE,EAST 159th STREET,EAST 158th STREET,1,1,0,03/03/2014,0,,THE NEW LIFE SCHOOL,B-334272,03/11/2014,04/01/2014,0,257.766030834,0.0,0.0,0.0,0.0,0.0,0.0,EAGLE AVENUE+EAST 158th STREET,"(40.8223152, -73.9148268)",101109.0,100864.0,48981.0,49188.0,0.0,0.0
32,32,2014,2,3,TRINITY AVENUE,EAST 163rd STREET,EAST 161st STREET,1,1,0,03/27/2014,0,,PAUL LAWRENCE DUBLIN ACADEMY MS-301,B-332312,01/23/2014,04/01/2014,0,623.979861283,0.0,0.0,0.0,0.0,0.0,0.0,TRINITY AVENUE+EAST 161st STREET,"(40.8255695, -73.9210695)",102898.0,99463.0,47410.0,51380.0,0.0,0.0
31,31,2014,2,9,ELDER AVENUE,EAST 172nd STREET,BRONX RIVER AV.,1,1,0,03/11/2014,0,,FAMILY GROUP DAYCARE,B-332311,01/23/2014,03/12/2014,0,757.753350436,0.0,0.0,0.0,0.0,0.0,0.0,ELDER AVENUE+BRONX RIVER AV.,"(40.8276779, -73.9260176)",101661.0,100213.0,48305.0,50075.0,0.0,0.0
30,30,2014,2,9,ST. LAWRENCE AV.,LACOMBE AVENUE,RANDALL AVENUE,1,0,1,03/05/2014,0,,N/S,B-332309 / 332310,01/23/2014,03/06/2014,0,780.9511009239999,0.0,0.0,0.0,0.0,0.0,0.0,ST. LAWRENCE AV.+RANDALL AVENUE,"(40.7127837, -74.0059413)",101094.0,100816.0,48857.0,49414.0,0.0,0.0
29,29,2014,2,9,NEWBOLD AVENUE,ZEREGA AVENUE,HAVEMEYER AV.,1,0,1,03/26/2014,0,,N/S,B-332307 / 332308,01/23/2014,04/01/2014,0,860.6916479560001,0.0,0.0,0.0,0.0,0.0,0.0,NEWBOLD AVENUE+HAVEMEYER AV.,"(40.825868, -73.84647)",102775.0,99447.0,47323.0,51286.0,0.0,0.0
28,28,2014,2,9,COMMONWEALTH AV.,MANSION STREET,MERRILL STREET,1,0,1,03/24/2014,0,,N/S,B-332306,01/23/2014,03/25/2014,0,475.171141871,0.0,0.0,0.0,0.0,0.0,0.0,COMMONWEALTH AV.+MERRILL STREET,"(40.683671, -73.771153)",102703.0,99498.0,46989.0,51202.0,0.0,0.0
27,27,2014,2,9,TAYLOR AVENUE,STORY AVENUE,LAFAYETTE AVENUE,1,1,0,03/04/2014,0,,PS 100,B-332304,01/23/2014,03/06/2014,0,810.6422179880002,3.0,0.0,4.0,0.0,-3.0,-4.0,TAYLOR AVENUE+LAFAYETTE AVENUE,"(40.6898562, -73.95144909999999)",101089.0,100810.0,48900.0,49261.0,-3.0000000000000004,-4.0
26,26,2014,2,9,THIERIOT AVENUE,GLEASON AVENUE,WESTCHESTER AV.,1,0,1,02/27/2014,0,,N/S,B-332303,01/23/2014,03/03/2014,0,816.519782868,0.0,0.0,0.0,0.0,0.0,0.0,THIERIOT AVENUE+WESTCHESTER AV.,"(40.8533134, -73.82665109999999)",100650.0,100863.0,48916.0,48686.0,0.0,0.0
25,25,2014,2,9,THIERIOT AVENUE,ARCHER STREET,WOOD AVENUE,2,0,2,02/27/2014,0,,N/S,B-332302,01/23/2014,03/03/2014,0,857.4744190519998,0.0,1.0,1.0,2.0,1.0,0.5,THIERIOT AVENUE+WOOD AVENUE,"(40.512663, -74.2437642)",100650.0,100863.0,48916.0,48686.0,1.0,0.5
24,24,2014,2,9,ST. RAYMONDS AV.,PURDY STREET,ODELL STREET,1,1,0,02/25/2014,0,,ST. RAYMONDS HIGH SCHOOL,B-332300 / 332299,01/23/2014,03/03/2014,0,270.840081928,0.0,0.0,0.0,0.0,0.0,0.0,ST. RAYMONDS AV.+ODELL STREET,"(40.8370586, -73.8543985)",100745.0,100918.0,48758.0,48689.0,0.0,0.0
23,23,2014,2,9,PURDY STREET,STARLING AVENUE,WESTCHESTER AV.,1,0,1,02/25/2014,0,,N/S,B-332299,01/23/2014,03/03/2014,0,801.080363213,0.0,0.0,0.0,0.0,0.0,0.0,PURDY STREET+WESTCHESTER AV.,"(40.8533134, -73.82665109999999)",100745.0,100918.0,48758.0,48689.0,0.0,0.0
22,22,2014,2,11,THWAITES PLACE,BRONX PARK EAST,OLINVILLE AVENUE,2,0,2,09/20/2013,0,,N/S,B-326793,09/03/2013,09/25/2013,0,638.973355294,0.0,0.0,0.0,0.0,0.0,0.0,THWAITES PLACE+OLINVILLE AVENUE,"(40.8714638, -73.86827559999999)",99786.0,101458.0,49638.0,51855.0,0.0,0.0
21,21,2014,2,11,WARING AVENUE,VANCE STREET,ELY AVENUE,1,0,1,04/02/2014,0,,N/S,B-326794,09/03/2013,04/09/2014,0,256.455336879,1.0,0.0,1.0,0.0,-1.0,-1.0,WARING AVENUE+ELY AVENUE,"(40.8732642, -73.83747679999999)",103140.0,99024.0,47779.0,51952.0,-1.0,-1.0
20,20,2014,2,11,MULINER AVENUE,PELHAM PARKWAY,LYDIG AVENUE,1,0,1,09/23/2013,0,,N/S,B-326787,09/03/2013,09/25/2013,0,871.6676705230002,0.0,2.0,1.0,3.0,1.0,0.6666666666666666,MULINER AVENUE+LYDIG AVENUE,"(40.8543818, -73.8610494)",99735.0,101856.0,49568.0,51936.0,1.0,0.6666666666666666
19,19,2014,2,11,VAN BUREN STREET,MORRIS PARK AV.,VAN NEST AVENUE,1,0,1,09/23/2013,0,,N/S,B-326786,09/03/2013,09/25/2013,0,630.1688954790001,0.0,0.0,0.0,0.0,0.0,0.0,VAN BUREN STREET+VAN NEST AVENUE,"(40.8448026, -73.8609559)",99735.0,101856.0,49568.0,51936.0,0.0,0.0
18,18,2014,2,8,TERRACE VIEW AVENUE,ADRIAN AVENUE,TEUNISSEN PLACE,2,2,0,09/06/2013,0,,JOHN F. KENNEDY HIGH SCHOOL,B-326479,08/27/2013,09/10/2013,0,394.937732831,0.0,0.0,0.0,4.0,0.0,1.0,TERRACE VIEW AVENUE+TEUNISSEN PLACE,"(40.87669, -73.912796)",100816.0,100955.0,50073.0,51386.0,0.0,1.0
17,17,2014,2,8,WEST 254th STREET,ARLINGTON AVENUE,RIVERCREST ROAD,1,0,1,09/17/2013,0,,N/S,B-326477 / 326478,08/27/2013,09/20/2013,0,465.735087274,0.0,0.0,0.0,0.0,0.0,0.0,WEST 254th STREET+RIVERCREST ROAD,"(40.9032715, -73.9090942)",100042.0,101268.0,49874.0,51549.0,0.0,0.0
16,16,2014,2,8,ALBANY CRESCENT,WEST 233rd STREET,WEST 231st STREET,2,0,2,09/26/2013,0,,N/S,B-326476,08/27/2013,10/04/2013,0,790.2105171019998,0.0,0.0,0.0,0.0,0.0,0.0,ALBANY CRESCENT+WEST 231st STREET,"(40.8813203, -73.9093128)",99527.0,102089.0,49557.0,51993.0,0.0,0.0
15,15,2014,2,8,INDEPENDENCE AVENUE,WEST 227th STREET,WEST 230th STREET,1,0,1,10/01/2013,0,,N/S,B-326473 / 326474,08/27/2013,10/03/2013,0,441.21515332300004,0.0,0.0,0.0,0.0,0.0,0.0,INDEPENDENCE AVENUE+WEST 230th STREET,"(40.8788454, -73.9087646)",99373.0,102375.0,49400.0,51196.0,0.0,0.0
14,14,2014,2,10,EDISON AVENUE,LAFAYETTE AVENUE,PHILIP AVENUE,2,0,2,09/03/2013,0,,N/S,B-325408 / 325409,08/02/2013,09/16/2013,0,820.362404898,1.0,1.0,4.0,2.0,0.0,-1.0,EDISON AVENUE+PHILIP AVENUE,"(40.828836, -73.82161099999999)",101124.0,101142.0,50393.0,51385.0,0.0,-1.0
13,13,2014,2,12,GRACE AVENUE,TILLOTSON AVENUE,BOSTON ROAD,1,0,1,09/13/2013,0,,N/S,B-325351 / 325352,08/01/2013,09/17/2013,0,875.407616185,2.0,3.0,5.0,4.0,0.3333333333333333,-0.25,GRACE AVENUE+BOSTON ROAD,"(40.8838633, -73.834346)",100071.0,101281.0,49984.0,51257.0,0.3333333333333333,-0.24999999999999983
12,12,2014,2,12,EAST 227th STREET,BARNES AVENUE,BRONXWOOD AV.,1,0,1,09/12/2013,0,,N/S,B-325356,08/01/2013,09/16/2013,0,861.648373992,0.0,0.0,0.0,0.0,0.0,0.0,EAST 227th STREET+BRONXWOOD AV.,"(40.8842089, -73.85569749999999)",100213.0,101012.0,49885.0,51303.0,0.0,0.0
11,11,2014,2,12,AMUNDSON AVENUE,EAST 233rd STREET,STRANG AVENUE,1,0,1,09/11/2013,0,,N/S,B-325354 / 325355,08/01/2013,09/16/2013,0,903.831686986,0.0,0.0,0.0,0.0,0.0,0.0,AMUNDSON AVENUE+STRANG AVENUE,"(40.89094, -73.83908939999999)",100395.0,100958.0,50003.0,51459.0,0.0,0.0
10,10,2014,2,12,EAST 236th STREET,KEPLER AVENUE,KATONAH AVENUE,2,0,2,09/11/2013,0,,N/S,B-325360,08/01/2013,09/16/2013,0,949.23012378,0.0,0.0,0.0,0.0,0.0,0.0,EAST 236th STREET+KATONAH AVENUE,"(40.8989498, -73.8674458)",100395.0,100958.0,50003.0,51459.0,0.0,0.0
9,9,2014,2,12,SEYMOUR AVENUE,GIVAN AVENUE,BOSTON ROAD,1,0,1,09/13/2013,0,,N/S,B-325357 / 325358,08/01/2013,09/17/2013,0,902.508904478,0.0,2.0,0.0,6.0,1.0,1.0,SEYMOUR AVENUE+BOSTON ROAD,"(40.8838633, -73.834346)",100071.0,101281.0,49984.0,51257.0,1.0,1.0
8,8,2014,2,12,OLINVILLE AVENUE,EAST 219th STREET,EAST 216th STREET,2,0,2,09/12/2013,0,,N/S,B-325350,08/01/2013,09/16/2013,0,885.8011409689999,0.0,0.0,0.0,0.0,0.0,0.0,OLINVILLE AVENUE+EAST 216th STREET,"(40.8805551, -73.8611145)",100213.0,101012.0,49885.0,51303.0,0.0,0.0
7,7,2014,2,10,HOBART AVENUE,ROBERTS AVENUE,BUHRE AVENUE,1,0,1,09/25/2013,0,,N/S,B-325263,07/31/2013,09/27/2013,0,690.548291364,0.0,0.0,1.0,1.0,0.0,0.0,HOBART AVENUE+BUHRE AVENUE,"(40.84729799999999, -73.8314788)",99498.0,102063.0,49626.0,51994.0,0.0,0.0
6,6,2014,2,10,GRISWOLD AVENUE,OUTLOOK AVENUE,RESEARCH AVENUE,1,1,0,09/19/2013,0,,YOU'RE ADORABLE PRE-SCHOOL,B-325261 / 325262,07/31/2013,09/23/2013,0,530.509216572,0.0,0.0,0.0,0.0,0.0,0.0,GRISWOLD AVENUE+RESEARCH AVENUE,"(40.8461805, -73.81927499999999)",99866.0,101373.0,49700.0,51785.0,0.0,0.0
5,5,2014,2,10,BOYNTON AVENUE,BRUCKNER BLVD.,WATSON AVENUE,2,0,2,09/10/2013,0,,N/S,B-325259,07/31/2013,09/16/2013,0,811.949437345,1.0,0.0,3.0,2.0,-1.0,-0.5,BOYNTON AVENUE+WATSON AVENUE,"(40.828049, -73.86357199999999)",100566.0,100936.0,49907.0,51395.0,-1.0,-0.5000000000000001
4,4,2014,2,10,KENNELWORTH PLACE,RANDOLPH PLACE,SPENCER DRIVE,1,0,1,09/19/2013,0,,N/S,B-325255 / 325256,07/31/2013,09/23/2013,0,296.19858234099996,0.0,0.0,0.0,0.0,0.0,0.0,KENNELWORTH PLACE+SPENCER DRIVE,"(40.843105, -73.822327)",99866.0,101373.0,49700.0,51785.0,0.0,0.0
3,3,2014,2,10,SCHURZ AVENUE,THROGS NECK BLVD.,KEARNEY AVENUE,1,1,0,09/18/2013,0,,THROGS NECK LITTLE LEAGUE FIELD,B-325250 / 325252,07/31/2013,09/20/2013,0,303.625014527,0.0,0.0,0.0,0.0,0.0,0.0,SCHURZ AVENUE+KEARNEY AVENUE,"(40.8391373, -73.82467749999999)",99883.0,101290.0,49819.0,51618.0,0.0,0.0
2,2,2014,2,10,HARRINGTON AVENUE,EAST TREMONT AV.,MAYFLOWER AV.,1,0,1,09/19/2013,0,,N/S,B-325244 / 325247,07/31/2013,09/23/2013,0,620.1249452999998,0.0,0.0,0.0,0.0,0.0,0.0,HARRINGTON AVENUE+MAYFLOWER AV.,"(40.8452805, -73.83451029999999)",99866.0,101373.0,49700.0,51785.0,0.0,0.0
1,1,2014,2,10,EAST 177th STREET,KEARNEY AVENUE,MEAGHER AVENUE,1,0,1,09/18/2013,0,,N/S,B-325242 / 325243,07/31/2013,09/23/2013,0,359.067393835,0.0,0.0,0.0,0.0,0.0,0.0,EAST 177th STREET+MEAGHER AVENUE,"(40.818287, -73.810976)",99883.0,101290.0,49819.0,51618.0,0.0,0.0
